download,upload,ping
798225467.2805171,271073273.21070623,20.138
765470289.8117813,277977786.66082704,16.557
725824733.1927633,281913835.69351953,14.0
